GuideSeq	eff
GGTTGTCGGGCAGCAGCACGGGG	0.500091817538307
ATGCCGAGAGTGATCCCGGCGGC	0.531332538194849
GGCCATGATATAGACGTTGTGGC	0.54083647657158
TCAGGGTGGTCACGAGGGTGGGC	0.663274976936228
TTGTCGGGCAGCAGCACGGGGCC	0.675367753806231
GTGGTCACGAGGGTGGGCCAGGG	0.677435165173506
TGGTCGGCGAGCTGCACGCTGCC	0.734578931357031
TCTCGTTGGGGTCTTTGCTCAGG	0.740168004568569
GGTGGGCCAGGGCACGGGCAGCT	0.749372529991223
CGAGGGTGGGCCAGGGCACGGGC	0.750866599710054
TGCTCAGGGCGGACTGGGTGCTC	0.752262625656141
TCGTCCATGCCGAGAGTGATCCC	0.767012823036921
AGGGTGGTCACGAGGGTGGGCCA	0.770354375485082
GTTCTGCTGGTAGTGGTCGGCGA	0.771522917429901
TCGTTGGGGTCTTTGCTCAGGGC	0.776637031810003
GAGAGTGATCCCGGCGGCGGTCA	0.777976680557515
TCACGAGGGTGGGCCAGGGCACG	0.778827084266666
CGAGAGTGATCCCGGCGGCGGTC	0.779299926941275
GCTCGTCCATGCCGAGAGTGATC	0.781351897896352
CCATGCCGAGAGTGATCCCGGCG	0.784891166781186
TAGGTCAGGGTGGTCACGAGGGT	0.78621427386721
GGGTCAGCTTGCCGTAGGTGGCA	0.791427448934919
GAGTGATCCCGGCGGCGGTCACG	0.793546628997023
TGGTGCAGATGAACTTCAGGGTC	0.804636923504065
TTCGGGCATGGCGGACTTGAAGA	0.806749462687552
GGGCCAGGGCACGGGCAGCTTGC	0.815692195958759
GGCGAGCTGCACGCTGCCGTCCT	0.816149237158951
GGGGTCTTTGCTCAGGGCGGACT	0.818465704565587
GGTCAGCTTGCCGTAGGTGGCAT	0.819701265816861
GGTCGGCGAGCTGCACGCTGCCG	0.820370113029916
GCTTCTCGTTGGGGTCTTTGCTC	0.824000686637126
TTCTCGTTGGGGTCTTTGCTCAG	0.82695861442388
GGTGGTCACGAGGGTGGGCCAGG	0.827471071090738
GGCGCGGGTCTTGTAGTTGCCGT	0.829255859656483
CAGGGCGGACTGGGTGCTCAGGT	0.834783864800515
GAGGGTGGGCCAGGGCACGGGCA	0.835247896624964
TGGTCACGAGGGTGGGCCAGGGC	0.839544124083762
TGTTCTGCTGGTAGTGGTCGGCG	0.847278663185
CATGCCGAGAGTGATCCCGGCGG	0.847690929488065
TCCATGCCGAGAGTGATCCCGGC	0.84932152331342
GTGGTCGGGGTAGCGGCTGAAGC	0.862182682191016
CGCCGTAGGTCAGGGTGGTCACG	0.864850632100441
GGCCAGGGCACGGGCAGCTTGCC	0.867471653138688
CCGGCGGCGGTCACGAACTCCAG	0.868138051941974
ACGTAGCCTTCGGGCATGGCGGA	0.873391709229151
CACGAGGGTGGGCCAGGGCACGG	0.877339232713144
CTTCATGTGGTCGGGGTAGCGGC	0.878616782031808
GCCTTCGGGCATGGCGGACTTGA	0.88410352236711
GGGTAGCGGCTGAAGCACTGCAC	0.892498638230137
GTTGTCGGGCAGCAGCACGGGGC	0.893161353047696
ACGCTGCCGTCCTCGATGTTGTG	0.895226273019063
GTGATCCCGGCGGCGGTCACGAA	0.898406289016519
GTACAGCTCGTCCATGCCGAGAG	0.904444420343999
CTTCTGCTTGTCGGCCATGATAT	0.920679263069265
ACCTCGGCGCGGGTCTTGTAGTT	0.923433486353957
CTCAGGGCGGACTGGGTGCTCAG	0.92405238202038
CGGGCAGCTTGCCGGTGGTGCAG	0.925639747557422
CGGCGCGGGTCTTGTAGTTGCCG	0.927889004414847
AGGTCAGGGTGGTCACGAGGGTG	0.929602417603233
CTGCCGTCCTCGATGTTGTGGCG	0.943589025652306
GCACGGGCAGCTTGCCGGTGGTG	0.944066420820687
CGGACACGCTGAACTTGTGGCCG	0.944452435253031
TGGGCACCACCCCGGTGAACAGC	0.945775098848175
GGTCGGGGTAGCGGCTGAAGCAC	0.946568903754992
GCCGAGAGTGATCCCGGCGGCGG	0.94701778299404
CTGGTAGTGGTCGGCGAGCTGCA	0.949430092588337
GATCTTGAAGTTCACCTTGATGC	0.950639175845598
CCGTCCTCGATGTTGTGGCGGAT	0.950846838087176
GTAGTTGCCGTCGTCCTTGAAGA	0.950893539607965
GGCATGGCGGACTTGAAGAAGTC	0.95125866626882
GATGGGCACCACCCCGGTGAACA	0.953389199545552
GTTGTGGCTGTTGTAGTTGTACT	0.957894927758092
GTCTTTGCTCAGGGCGGACTGGG	0.961065436851653
AGCTCGACCAGGATGGGCACCAC	0.961643202940005
GGATGTTGCCGTCCTCCTTGAAG	0.961756770880916
CTCGATGCGGTTCACCAGGGTGT	0.962509026447125
GGGTCTTTGCTCAGGGCGGACTG	0.965773459456718
CCGTCCAGCTCGACCAGGATGGG	0.969977786253587
GTCAGGGTGGTCACGAGGGTGGG	0.971231198827356
GCTCGACCAGGATGGGCACCACC	0.973550356176541
GCTTGCCGTAGGTGGCATCGCCC	0.9741153122102
GACTTGAAGAAGTCGTGCTGCTT	0.981288791011806
GTCGGGCAGCAGCACGGGGCCGT	0.992033074361237
GACGTTGTGGCTGTTGTAGTTGT	0.992129860681835
GGGCAGCTTGCCGGTGGTGCAGA	0.995388440498317
TCCTGGACGTAGCCTTCGGGCAT	1.00102024073719
TCGGCGAGCTGCACGCTGCCGTC	1.00163744777238
GTCCAGCTCGACCAGGATGGGCA	1.00650749014208
CCTCGGCGCGGGTCTTGTAGTTG	1.0077867600393
TGGCGGACTTGAAGAAGTCGTGC	1.0098529355936
GCCATGATATAGACGTTGTGGCT	1.01202476116774
GGGTGTTCTGCTGGTAGTGGTCG	1.01241110863051
CACCTCGGCGCGGGTCTTGTAGT	1.01252980820074
GATGTTGCCGTCCTCCTTGAAGT	1.0138117692691
AGGGTGGGCCAGGGCACGGGCAG	1.01939756134299
TCGGGCAGCAGCACGGGGCCGTC	1.02218254915086
TTCTGCTGGTAGTGGTCGGCGAG	1.02394447663797
AACTCCAGCAGGACCATGTGATC	1.03234027615909
CCAGGATGGGCACCACCCCGGTG	1.03374670107121
GGCTGAAGCACTGCACGCCGTAG	1.04087092220645
AGCTCGTCCATGCCGAGAGTGAT	1.04643893564774
TGGTAGTGGTCGGCGAGCTGCAC	1.04691009352936
TGTGATCGCGCTTCTCGTTGGGG	1.04982290328838
TAGTGGTCGGCGAGCTGCACGCT	1.05305498151636
CGGGCATGGCGGACTTGAAGAAG	1.05584348989091
TGTAGTTGCCGTCGTCCTTGAAG	1.05791829246018
AAGTCGTGCTGCTTCATGTGGTC	1.05837243423214
GTGCTGCTTCATGTGGTCGGGGT	1.06153415181561
TGTACAGCTCGTCCATGCCGAGA	1.06221916239238
GTGGCGGATCTTGAAGTTCACCT	1.06376907650131
TAGTTGCCGTCGTCCTTGAAGAA	1.07113578964246
GGTCAGGGTGGTCACGAGGGTGG	1.07426435620701
GACCAGGATGGGCACCACCCCGG	1.07831525838004
CAGGGCACGGGCAGCTTGCCGGT	1.0861200078464
AGGGCGGACTGGGTGCTCAGGTA	1.08797532103435
GCTGCCGTCCTCGATGTTGTGGC	1.09495433215956
TCCAGCTCGACCAGGATGGGCAC	1.09644293284683
TTCTGCTTGTCGGCCATGATATA	1.09786172077035
CACTGCACGCCGTAGGTCAGGGT	1.10030707061496
TTGATGCCGTTCTTCTGCTTGTC	1.10456059407605
GCTTGTCGGCCATGATATAGACG	1.10477851338917
GGTGGTGCAGATGAACTTCAGGG	1.10545078932209
GGGTGGGCCAGGGCACGGGCAGC	1.10561483544544
CTTCGGGCATGGCGGACTTGAAG	1.10950177011617
TGCTGCTTCATGTGGTCGGGGTA	1.11771351652279
TTTACGTCGCCGTCCAGCTCGAC	1.1181465527699
GGCGGATCTTGAAGTTCACCTTG	1.12307383831215
CCGAGAGTGATCCCGGCGGCGGT	1.1256825668169
GGGCACGGGCAGCTTGCCGGTGG	1.13137387598595
TGGTTGTCGGGCAGCAGCACGGG	1.13405156075685
TGCCGTTCTTCTGCTTGTCGGCC	1.13435088390446
GCTGGTAGTGGTCGGCGAGCTGC	1.14686979960284
GCTGCTTCATGTGGTCGGGGTAG	1.16033992816273
CTTGAAGTCGATGCCCTTCAGCT	1.16743143038415
GCAGGACCATGTGATCGCGCTTC	1.17720001007002
GTAGCCTTCGGGCATGGCGGACT	1.17898136696513
CGCCGGACACGCTGAACTTGTGG	1.18099357676747
TGTCGGGCAGCAGCACGGGGCCG	1.18293920865961
TCTTTGCTCAGGGCGGACTGGGT	1.18735291798201
GTGGGCCAGGGCACGGGCAGCTT	1.19148737229726
GGTAGTGGTCGGCGAGCTGCACG	1.19423454477958
AGCCTTCGGGCATGGCGGACTTG	1.19478732443427
CGCTTCTCGTTGGGGTCTTTGCT	1.19574756860959
GGTTCACCAGGGTGTCGCCCTCG	1.19605474859435
TGTGGCTGTTGTAGTTGTACTCC	1.19607096791515
TCAGGTAGTGGTTGTCGGGCAGC	1.20140702455643
CTTGTACAGCTCGTCCATGCCGA	1.20210387627802
TGCCGGTGGTGCAGATGAACTTC	1.2050594006214
ATGTTGTGGCGGATCTTGAAGTT	1.21087521203529
CCAGGGTGTCGCCCTCGAACTTC	1.22291820762848
AGTTCACCTTGATGCCGTTCTTC	1.22306832064337
GGACACGCTGAACTTGTGGCCGT	1.23399284276038
TGTCGGCCATGATATAGACGTTG	1.23593551365383
GTTCACCAGGGTGTCGCCCTCGA	1.23731778185361
GTGGCATCGCCCTCGCCCTCGCC	1.24390304589699
TACAGCTCGTCCATGCCGAGAGT	1.24559257500229
CATGTGGTCGGGGTAGCGGCTGA	1.24933618942059
CGGACTTGAAGAAGTCGTGCTGC	1.26575715745854
CTTGTGCCCCAGGATGTTGCCGT	1.27729901854045
GGACTGGGTGCTCAGGTAGTGGT	1.27850452391222
TTCATGTGGTCGGGGTAGCGGCT	1.28007932356804
AAGTCGATGCCCTTCAGCTCGAT	1.28215769882144
TAGCGGCTGAAGCACTGCACGCC	1.28349591998887
CGTTGTGGCTGTTGTAGTTGTAC	1.28399859866078
GCATCGCCCTCGCCCTCGCCGGA	1.28480817157531
CTCGAACTTCACCTCGGCGCGGG	1.28603269621439
GACACGCTGAACTTGTGGCCGTT	1.29128467748392
CGTCCTCGATGTTGTGGCGGATC	1.29472249117
GGTGCAGATGAACTTCAGGGTCA	1.29596528481054
GCCCTCGAACTTCACCTCGGCGC	1.29843392921802
TGGGTGCTCAGGTAGTGGTTGTC	1.29905090161811
TTGGGGTCTTTGCTCAGGGCGGA	1.30296841431369
GAACTTCACCTCGGCGCGGGTCT	1.30533216677385
GCTCGATGCGGTTCACCAGGGTG	1.30780150832334
TCGAACTTCACCTCGGCGCGGGT	1.30964158826067
CTGCTGGTAGTGGTCGGCGAGCT	1.30983174123881
CTCGGCGCGGGTCTTGTAGTTGC	1.31397608747583
GCACGCTGCCGTCCTCGATGTTG	1.31555294935201
GTGATCGCGCTTCTCGTTGGGGT	1.31783432921746
GCGGACTTGAAGAAGTCGTGCTG	1.32264454830528
CCATGTGATCGCGCTTCTCGTTG	1.32430738827129
AGTGGTCGGCGAGCTGCACGCTG	1.33741408884672
GGCCGTTTACGTCGCCGTCCAGC	1.33970157693279
TCACCTCGGCGCGGGTCTTGTAG	1.34483584402144
CGCTGAACTTGTGGCCGTTTACG	1.34603740470893
GTTGGGGTCTTTGCTCAGGGCGG	1.34707551651792
GTGGTCGGCGAGCTGCACGCTGC	1.34754444773837
TGCACGCCGTAGGTCAGGGTGGT	1.3549081727846
CTTCAGGGTCAGCTTGCCGTAGG	1.36018817087096
GTCCATGCCGAGAGTGATCCCGG	1.36158681591303
GTCGTGCTGCTTCATGTGGTCGG	1.36193768299772
TTGCCGGTGGTGCAGATGAACTT	1.36726008958082
GCCGTTCTTCTGCTTGTCGGCCA	1.37241759842151
CGGGTCTTGTAGTTGCCGTCGTC	1.38194167912717
CGTCCTTGAAGAAGATGGTGCGC	1.383493023925
CTTGTAGTTGCCGTCGTCCTTGA	1.3862504093476
GGGCGGACTGGGTGCTCAGGTAG	1.39216246704337
TGATGCCGTTCTTCTGCTTGTCG	1.39793528840984
CCTTCAGCTCGATGCGGTTCACC	1.39930784477743
GCCCCAGGATGTTGCCGTCCTCC	1.40132304476055
GGTAGTGGTTGTCGGGCAGCAGC	1.40403287175181
ACCTTGATGCCGTTCTTCTGCTT	1.41197754839351
TGCCCTTCAGCTCGATGCGGTTC	1.41417651034882
TGTGCCCCAGGATGTTGCCGTCC	1.41556613775311
GTCTTGTAGTTGCCGTCGTCCTT	1.41749310514339
GAGCTGCACGCTGCCGTCCTCGA	1.4177889275989
TGGCGGATCTTGAAGTTCACCTT	1.41819890306432
TGAAGCACTGCACGCCGTAGGTC	1.41851294417053
GTAGGTGGCATCGCCCTCGCCCT	1.42361768350285
GTGTCGCCCTCGAACTTCACCTC	1.4238187394236
CCCTCGAACTTCACCTCGGCGCG	1.42428410584051
TTGCCGTAGGTGGCATCGCCCTC	1.42525235440831
GGGTCTTGTAGTTGCCGTCGTCC	1.42687237414153
TTACGTCGCCGTCCAGCTCGACC	1.42931354016436
GGCACGGGCAGCTTGCCGGTGGT	1.43229278811466
GTCGCCGTCCAGCTCGACCAGGA	1.43339628692414
CACGCCGTAGGTCAGGGTGGTCA	1.43509674954369
CCGTCCTCCTTGAAGTCGATGCC	1.43703099069476
TCGCCGGACACGCTGAACTTGTG	1.43939171059316
GCACTGCACGCCGTAGGTCAGGG	1.43966348208276
GTGTTCTGCTGGTAGTGGTCGGC	1.44028497693498
CCGTAGGTCAGGGTGGTCACGAG	1.44482238583103
ACTTCACCTCGGCGCGGGTCTTG	1.44513012434597
CTTTGCTCAGGGCGGACTGGGTG	1.4499495225635
TTGTGGCTGTTGTAGTTGTACTC	1.45136934879856
GATGCGGTTCACCAGGGTGTCGC	1.45240285228045
AGTCGTGCTGCTTCATGTGGTCG	1.45351057488799
GCGCGGGTCTTGTAGTTGCCGTC	1.45862229993804
AGCTCGATGCGGTTCACCAGGGT	1.46677777820295
ACGTTGTGGCTGTTGTAGTTGTA	1.4717815907147
GATCGCGCTTCTCGTTGGGGTCT	1.47564417428663
CGTAGGTCAGGGTGGTCACGAGG	1.47892403580658
GATGCCGTTCTTCTGCTTGTCGG	1.48351997473332
CGGCTGAAGCACTGCACGCCGTA	1.48779862396818
CACGAACTCCAGCAGGACCATGT	1.49114050647723
CAGCTTGCCGTAGGTGGCATCGC	1.49349399949661
TTCAGGGTCAGCTTGCCGTAGGT	1.50194642840858
AACTTGTGGCCGTTTACGTCGCC	1.50273923780454
GGGCATGGCGGACTTGAAGAAGT	1.50373019049265
GTGCCCCAGGATGTTGCCGTCCT	1.50749962627166
AGGGCACGGGCAGCTTGCCGGTG	1.50933371022609
CGTGCTGCTTCATGTGGTCGGGG	1.51593272220803
GCGGTCACGAACTCCAGCAGGAC	1.51674275559945
GGTCACGAACTCCAGCAGGACCA	1.52335237224516
GTAGCGGCTGAAGCACTGCACGC	1.53169446474614
GTGCGCTCCTGGACGTAGCCTTC	1.53397206653938
GCCCTTCAGCTCGATGCGGTTCA	1.53710840810808
CGGGGTAGCGGCTGAAGCACTGC	1.54216812396441
TGGCTGTTGTAGTTGTACTCCAG	1.54810982473155
CAGCTCGTCCATGCCGAGAGTGA	1.54848619828435
GTCCTCGATGTTGTGGCGGATCT	1.55184152697865
GTCGGCCATGATATAGACGTTGT	1.55604528805415
GAAGATGGTGCGCTCCTGGACGT	1.55757146494856
GTCGCCCTCGAACTTCACCTCGG	1.57084666676054
TCAGGGTCAGCTTGCCGTAGGTG	1.5748881800498
CTTGTGGCCGTTTACGTCGCCGT	1.57588973099746
AGCAGGACCATGTGATCGCGCTT	1.57659622730156
GGCGGACTGGGTGCTCAGGTAGT	1.57704157623362
GCGGCTGAAGCACTGCACGCCGT	1.5833667013834
TCGGCCATGATATAGACGTTGTG	1.58706585636304
CTCGTTGGGGTCTTTGCTCAGGG	1.59894423416918
CGATGCCCTTCAGCTCGATGCGG	1.60021308274367
GCGGGTCTTGTAGTTGCCGTCGT	1.61590555382061
CAGCTCGATGCGGTTCACCAGGG	1.62060114763151
GGTGAACAGCTCCTCGCCCTTGC	1.62206165939216
CAGCAGGACCATGTGATCGCGCT	1.62432117891497
TCTTGAAGTTCACCTTGATGCCG	1.62432497582413
AGTTGCCGTCGTCCTTGAAGAAG	1.62815983311024
AGGTGGCATCGCCCTCGCCCTCG	1.63496992518917
CTTGAAGTTCACCTTGATGCCGT	1.63597754917044
ATGGTGCGCTCCTGGACGTAGCC	1.63609925517213
TGCCGTCGTCCTTGAAGAAGATG	1.63995958601608
CGAACTTCACCTCGGCGCGGGTC	1.64151436486483
GCCGTTTACGTCGCCGTCCAGCT	1.64919248925762
TCGCCCTCGAACTTCACCTCGGC	1.64963091446559
GTTGTAGTTGTACTCCAGCTTGT	1.65358207701238
ACCAGGATGGGCACCACCCCGGT	1.65367185523487
ATGAACTTCAGGGTCAGCTTGCC	1.66940102066639
CGCGCTTCTCGTTGGGGTCTTTG	1.6766479171493
TGAACTTGTGGCCGTTTACGTCG	1.67665402575829
TTGTAGTTGCCGTCGTCCTTGAA	1.67930523720883
GTAGTTGTACTCCAGCTTGTGCC	1.67984742724677
GCTCAGGTAGTGGTTGTCGGGCA	1.68225254384819
CTCGCCGGACACGCTGAACTTGT	1.68497932240971
CCTCGCCCTCGCCGGACACGCTG	1.68816415840794
CCCAGGATGTTGCCGTCCTCCTT	1.69788862061679
GCGAGCTGCACGCTGCCGTCCTC	1.7007793731468
GCAGCTTGCCGGTGGTGCAGATG	1.70774709579894
GTCACGAACTCCAGCAGGACCAT	1.70806158268899
ATGGGCACCACCCCGGTGAACAG	1.72468066353169
TTGAAGAAGATGGTGCGCTCCTG	1.72746564713166
GATGCCCTTCAGCTCGATGCGGT	1.73477857558004
CGTAGGTGGCATCGCCCTCGCCC	1.75082541131544
AGCACTGCACGCCGTAGGTCAGG	1.75383771849462
ATGCCCTTCAGCTCGATGCGGTT	1.75775406555423
GCGGCGGTCACGAACTCCAGCAG	1.76105581527071
ACTGGGTGCTCAGGTAGTGGTTG	1.76232243682293
GTGCAGATGAACTTCAGGGTCAG	1.76896029290894
TGGGCCAGGGCACGGGCAGCTTG	1.77709674493274
CTGTTGTAGTTGTACTCCAGCTT	1.77811208831059
CGTTCTTCTGCTTGTCGGCCATG	1.78171086406906
TTCTTCTGCTTGTCGGCCATGAT	1.78193955459044
GCTTCATGTGGTCGGGGTAGCGG	1.78588580152571
GAAGAAGTCGTGCTGCTTCATGT	1.7859936497158
AGATGAACTTCAGGGTCAGCTTG	1.79382654924736
TTCACCTCGGCGCGGGTCTTGTA	1.79576348836179
GAAGTCGTGCTGCTTCATGTGGT	1.79664234276595
TGCCCCAGGATGTTGCCGTCCTC	1.79868937050663
ACCACCCCGGTGAACAGCTCCTC	1.80307163308916
CAGGATGTTGCCGTCCTCCTTGA	1.81106267256238
CATGTGATCGCGCTTCTCGTTGG	1.82039590078813
GCCGGTGGTGCAGATGAACTTCA	1.83509955610447
GCGCTCCTGGACGTAGCCTTCGG	1.83695663046447
ACTTGTGGCCGTTTACGTCGCCG	1.83872708727406
ACCATGTGATCGCGCTTCTCGTT	1.84100442579402
GCGCTTCTCGTTGGGGTCTTTGC	1.84175802353057
CTGCACGCCGTAGGTCAGGGTGG	1.84389770927769
GGTGTTCTGCTGGTAGTGGTCGG	1.8484175586528
TGCTTCATGTGGTCGGGGTAGCG	1.8540635757424
TGATCGCGCTTCTCGTTGGGGTC	1.86125459823459
AGCTGCACGCTGCCGTCCTCGAT	1.8623546840139
CGGTTCACCAGGGTGTCGCCCTC	1.86585345478669
GTTGTACTCCAGCTTGTGCCCCA	1.87070224381733
GATATAGACGTTGTGGCTGTTGT	1.87119170747761
TCGCGCTTCTCGTTGGGGTCTTT	1.8739550242821
GTAGTGGTCGGCGAGCTGCACGC	1.87552551313019
TTGTCGGCCATGATATAGACGTT	1.88122953627369
CTGGACGTAGCCTTCGGGCATGG	1.88545684778883
GTTGCCGTCGTCCTTGAAGAAGA	1.88605716012314
ATCCCGGCGGCGGTCACGAACTC	1.88873286314331
TGCAGATGAACTTCAGGGTCAGC	1.90625691434716
GTTTACGTCGCCGTCCAGCTCGA	1.90673822654274
GCCCTCGCCGGACACGCTGAACT	1.90696330797919
TCACCTTGATGCCGTTCTTCTGC	1.91384829069354
TGCACGCTGCCGTCCTCGATGTT	1.91754042629629
GGTCTTGTAGTTGCCGTCGTCCT	1.92046510457214
GCAGATGAACTTCAGGGTCAGCT	1.92155512895896
TGTTGTAGTTGTACTCCAGCTTG	1.9303551097544
GGCATCGCCCTCGCCCTCGCCGG	1.93264572968609
TCACGAACTCCAGCAGGACCATG	1.93641467044007
CACCACCCCGGTGAACAGCTCCT	1.94152097811903
CCTCGAACTTCACCTCGGCGCGG	1.9457732684177
CGGTGGTGCAGATGAACTTCAGG	1.94730628114535
AGGACCATGTGATCGCGCTTCTC	1.95706854627334
CGGTGAACAGCTCCTCGCCCTTG	1.96337215231706
CAGGACCATGTGATCGCGCTTCT	1.96410671111562
GAAGTCGATGCCCTTCAGCTCGA	1.96483362913599
TGAAGAAGTCGTGCTGCTTCATG	1.96748045259765
CCAGGGCACGGGCAGCTTGCCGG	1.97702451360589
GTTCTTCTGCTTGTCGGCCATGA	1.97820959745471
GCACCACCCCGGTGAACAGCTCC	1.98023955314842
CGGATCTTGAAGTTCACCTTGAT	1.98535930491191
CCTCCTTGAAGTCGATGCCCTTC	1.98771681000662
TTGTGGCGGATCTTGAAGTTCAC	1.99317494382571
TTGAAGTTCACCTTGATGCCGTT	1.99370835827937
AGCTTGTGCCCCAGGATGTTGCC	1.99948886474691
TTCACCAGGGTGTCGCCCTCGAA	2.00943716686428
TGTACTCCAGCTTGTGCCCCAGG	2.01048920152431
CTTGATGCCGTTCTTCTGCTTGT	2.01375676179055
CCAGGATGTTGCCGTCCTCCTTG	2.01780505196838
ACTCCAGCAGGACCATGTGATCG	2.02476939992117
ACCAGGGTGTCGCCCTCGAACTT	2.03567922790605
TCCTCCTTGAAGTCGATGCCCTT	2.04271251976184
CCAGCAGGACCATGTGATCGCGC	2.0447028244714
TCCAGCAGGACCATGTGATCGCG	2.06254110190119
GTACTCCAGCTTGTGCCCCAGGA	2.06478532131254
ACGAACTCCAGCAGGACCATGTG	2.0648154049593
CACCCCGGTGAACAGCTCCTCGC	2.07711403962679
CCCTTCAGCTCGATGCGGTTCAC	2.08114683940092
TCGGGCATGGCGGACTTGAAGAA	2.08434689187888
CCGTAGGTGGCATCGCCCTCGCC	2.09065694413524
CTCGCCCTCGCCGGACACGCTGA	2.09336620489195
TCAGCTCGATGCGGTTCACCAGG	2.09427787057488
AAGAAGATGGTGCGCTCCTGGAC	2.10350290857991
GGCACCACCCCGGTGAACAGCTC	2.10541429197
GATGAACTTCAGGGTCAGCTTGC	2.1262033326445
CTCCAGCTTGTGCCCCAGGATGT	2.1316762252327
TCGGGGTAGCGGCTGAAGCACTG	2.13888134621608
AAGCACTGCACGCCGTAGGTCAG	2.14649488082694
GCCGTAGGTGGCATCGCCCTCGC	2.16404473495689
TGTTGCCGTCCTCCTTGAAGTCG	2.19157507839574
TGAACTTCAGGGTCAGCTTGCCG	2.19334572850975
CTGAAGCACTGCACGCCGTAGGT	2.20095746746163
CCCTCGCCCTCGCCGGACACGCT	2.20656986122886
GCTGCACGCTGCCGTCCTCGATG	2.21160411378612
GTGGCCGTTTACGTCGCCGTCCA	2.23304084850022
ACCCCGGTGAACAGCTCCTCGCC	2.24526876116128
CACGCTGAACTTGTGGCCGTTTA	2.27554387597644
CTTCAGCTCGATGCGGTTCACCA	2.29091393914144
TGCGCTCCTGGACGTAGCCTTCG	2.29586791065253
CCTTCGGGCATGGCGGACTTGAA	2.31988949986046
GAAGAAGATGGTGCGCTCCTGGA	2.34780399003886
AGCTTGCCGGTGGTGCAGATGAA	2.38143238565596
TCCCGGCGGCGGTCACGAACTCC	2.39381104141114
CTGAACTTGTGGCCGTTTACGTC	2.40967833938011
TTGTACTCCAGCTTGTGCCCCAG	2.41932036573436
CGATGTTGTGGCGGATCTTGAAG	2.42087643882223
TCCAGCTTGTGCCCCAGGATGTT	2.57135034748866
TCGTCCTTGAAGAAGATGGTGCG	2.74322472126914
