GuideSeq	eff	TIGER	DeepCas13	RNATargeting
AACTCCAGCAGGACCATGTGATC	1.03234027615909	0.0517983919302698	0.549394154548645	0.03435949
AACTTGTGGCCGTTTACGTCGCC	1.50273923780454	0.151828878746015	0.609508430957794	0.13180368
AAGAAGATGGTGCGCTCCTGGAC	2.10350290857991	0.273180411817638	0.746955394744873	0.060414683
AAGCACTGCACGCCGTAGGTCAG	2.14649488082694	0.918010245931279	0.786816954612732	0.75585586
AAGTCGATGCCCTTCAGCTCGAT	1.28215769882144	0.0689762213394459	0.398487079143524	0.2754524
AAGTCGTGCTGCTTCATGTGGTC	1.05837243423214	0.0604034657515626	0.643671941757202	0.016367413
ACCACCCCGGTGAACAGCTCCTC	1.80307163308916	0.427352274238717	0.398597687482834	0.122387365
ACCAGGATGGGCACCACCCCGGT	1.65367185523487	0.121557679181666	0.3696304500103	0.034250524
ACCAGGGTGTCGCCCTCGAACTT	2.03567922790605	0.0737446429102449	0.230755037069321	0.03488226
ACCATGTGATCGCGCTTCTCGTT	1.84100442579402	0.8641971855603	0.454428023099899	0.1660638
ACCCCGGTGAACAGCTCCTCGCC	2.24526876116128	0.233879094659657	0.50608069896698	0.10820702
ACCTCGGCGCGGGTCTTGTAGTT	0.923433486353957	0.0469484805167595	0.255865108966827	0.008191826
ACCTTGATGCCGTTCTTCTGCTT	1.41197754839351	0.0762551345425529	0.418645119667053	0.13673751
ACGAACTCCAGCAGGACCATGTG	2.0648154049593	0.976985026214549	0.494535082578659	0.5980345
ACGCTGCCGTCCTCGATGTTGTG	0.895226273019063	0.0775145555144041	0.658350133895874	0.03363294
ACGTAGCCTTCGGGCATGGCGGA	0.873391709229151	0.0854463061289805	0.628648364543915	0.081861295
ACGTTGTGGCTGTTGTAGTTGTA	1.4717815907147	0.350038996234945	0.475070190429688	0.15441206
ACTCCAGCAGGACCATGTGATCG	2.02476939992117	0.0587704015558251	0.731489908695221	0.4646749
ACTGGGTGCTCAGGTAGTGGTTG	1.76232243682293	0.115080331365685	0.443927806615829	0.5327845
ACTTCACCTCGGCGCGGGTCTTG	1.44513012434597	0.184817008453092	0.265142023563385	0.31728774
ACTTGTGGCCGTTTACGTCGCCG	1.83872708727406	0.65516857564943	0.728287494182587	0.30407366
AGATGAACTTCAGGGTCAGCTTG	1.79382654924736	0.286096295773808	0.379014921188355	0.61369145
AGCACTGCACGCCGTAGGTCAGG	1.75383771849462	0.867564763895266	0.684692698717117	0.7231196
AGCAGGACCATGTGATCGCGCTT	1.57659622730156	0.610206049542797	0.570960706472397	0.6259373
AGCCTTCGGGCATGGCGGACTTG	1.19478732443427	0.489004460872511	0.290290606021881	0.53025705
AGCTCGACCAGGATGGGCACCAC	0.961643202940005	0.900887198013443	0.440152657032013	0.057014726
AGCTCGATGCGGTTCACCAGGGT	1.46677777820295	0.360875903969669	0.554253530502319	0.07187442
AGCTCGTCCATGCCGAGAGTGAT	1.04643893564774	0.670760201295591	0.365170806646347	0.025696738
AGCTGCACGCTGCCGTCCTCGAT	1.8623546840139	0.663704872315807	0.517909264564514	0.14578806
AGCTTGCCGGTGGTGCAGATGAA	2.38143238565596	0.135002844827045	0.310970437526703	0.24489531
AGCTTGTGCCCCAGGATGTTGCC	1.99948886474691	0.0641833687254926	0.597385990619659	0.09394735
AGGACCATGTGATCGCGCTTCTC	1.95706854627334	0.826961927615131	0.358957374095917	0.80659974
AGGGCACGGGCAGCTTGCCGGTG	1.50933371022609	0.0878620993008382	0.485842001438141	0.058888968
AGGGCGGACTGGGTGCTCAGGTA	1.08797532103435	0.0504306154874216	0.280428850650787	0.06303519
AGGGTGGGCCAGGGCACGGGCAG	1.01939756134299	0.0583237693026648	0.32438240647316	0.014911266
AGGGTGGTCACGAGGGTGGGCCA	0.770354375485082	0.0523424405355547	0.329684793949127	0.006396356
AGGTCAGGGTGGTCACGAGGGTG	0.929602417603233	0.0677260578764541	0.347239345312119	0.0070957327
AGGTGGCATCGCCCTCGCCCTCG	1.63496992518917	0.0998445786745733	0.378598588705063	0.06061485
AGTCGTGCTGCTTCATGTGGTCG	1.45351057488799	0.1151760587226	0.80008841753006	0.26984298
AGTGGTCGGCGAGCTGCACGCTG	1.33741408884672	0.325885600986154	0.517184907197952	0.2367081
AGTTCACCTTGATGCCGTTCTTC	1.22306832064337	0.577240681356615	0.38273594379425	0.83825237
AGTTGCCGTCGTCCTTGAAGAAG	1.62815983311024	0.0917099218864142	0.49280709028244	0.012851522
ATCCCGGCGGCGGTCACGAACTC	1.88873286314331	0.092476360143671	0.370455175638199	0.07301954
ATGAACTTCAGGGTCAGCTTGCC	1.66940102066639	0.327992022167079	0.4522589802742	0.5502457
ATGCCCTTCAGCTCGATGCGGTT	1.75775406555423	0.245048608740124	0.571963995695114	0.22207758
ATGCCGAGAGTGATCCCGGCGGC	0.531332538194849	0.0622338001253389	0.663991928100586	0.0040418827
ATGGGCACCACCCCGGTGAACAG	1.72468066353169	0.692775872453906	0.658186030387878	0.32375735
ATGGTGCGCTCCTGGACGTAGCC	1.63609925517213	0.0970286943366868	0.759899759292603	0.1966519
ATGTTGTGGCGGATCTTGAAGTT	1.21087521203529	0.0598432889345772	0.214636904001236	0.005974236
CACCACCCCGGTGAACAGCTCCT	1.94152097811903	0.117517203591157	0.499785405397415	0.046491206
CACCCCGGTGAACAGCTCCTCGC	2.07711403962679	0.405038996794412	0.402149713039398	0.27983505
CACCTCGGCGCGGGTCTTGTAGT	1.01252980820074	0.0516131914233028	0.274260497093201	0.058431026
CACGAACTCCAGCAGGACCATGT	1.49114050647723	0.979656063816946	0.396979993581772	0.5840648
CACGAGGGTGGGCCAGGGCACGG	0.877339232713144	0.0564585199633273	0.250193238258362	0.04736141
CACGCCGTAGGTCAGGGTGGTCA	1.43509674954369	0.0781021023284086	0.414236080646515	0.026924139
CACGCTGAACTTGTGGCCGTTTA	2.27554387597644	0.231330026109723	0.200159913301468	0.18617718
CACTGCACGCCGTAGGTCAGGGT	1.10030707061496	0.116707569367971	0.573318541049957	0.019059516
CAGCAGGACCATGTGATCGCGCT	1.62432117891497	0.427931923048389	0.797947859764099	0.681808
CAGCTCGATGCGGTTCACCAGGG	1.62060114763151	0.150123619896364	0.670889294147491	0.14346716
CAGCTCGTCCATGCCGAGAGTGA	1.54848619828435	0.340352548563074	0.382721108198166	0.016336748
CAGCTTGCCGTAGGTGGCATCGC	1.49349399949661	0.514919523065787	0.547764056921005	0.32262942
CAGGACCATGTGATCGCGCTTCT	1.96410671111562	0.314813606395453	0.38549120426178	0.774128
CAGGATGTTGCCGTCCTCCTTGA	1.81106267256238	0.554927352314689	0.240620762109756	0.18351786
CAGGGCACGGGCAGCTTGCCGGT	1.0861200078464	0.0707587110542667	0.492501801252365	0.032385815
CAGGGCGGACTGGGTGCTCAGGT	0.834783864800515	0.0585297203944026	0.302011281251907	0.058367595
CATGCCGAGAGTGATCCCGGCGG	0.847690929488065	0.0786739556861135	0.622632992267609	0.010061279
CATGTGATCGCGCTTCTCGTTGG	1.82039590078813	0.282881044123368	0.60743961930275	0.3142094
CATGTGGTCGGGGTAGCGGCTGA	1.24933618942059	0.174260832265501	0.20682824254036	0.18106785
CCAGCAGGACCATGTGATCGCGC	2.0447028244714	0.870424623404815	0.871028208732605	0.8561409
CCAGGATGGGCACCACCCCGGTG	1.03374670107121	0.0756788897445377	0.405881327390671	0.053033378
CCAGGATGTTGCCGTCCTCCTTG	2.01780505196838	0.890376238207397	0.336360400915146	0.17010655
CCAGGGCACGGGCAGCTTGCCGG	1.97702451360589	0.0772694752765516	0.531814658641815	0.11661719
CCAGGGTGTCGCCCTCGAACTTC	1.22291820762848	0.310404989618506	0.204541653394699	0.014615258
CCATGCCGAGAGTGATCCCGGCG	0.784891166781186	0.061311038322211	0.636909359693527	0.018192733
CCATGTGATCGCGCTTCTCGTTG	1.32430738827129	0.28470835517536	0.490731918811798	0.19613107
CCCAGGATGTTGCCGTCCTCCTT	1.69788862061679	0.600919842381991	0.311142879724503	0.35693738
CCCTCGAACTTCACCTCGGCGCG	1.42428410584051	0.0756059724664795	0.710871684551239	0.036608458
CCCTCGCCCTCGCCGGACACGCT	2.20656986122886	0.309429630575281	0.526004093885422	0.17661701
CCCTTCAGCTCGATGCGGTTCAC	2.08114683940092	0.306928567932299	0.65510162115097	0.21134908
CCGAGAGTGATCCCGGCGGCGGT	1.1256825668169	0.0996233016894614	0.588838839530945	0.028226448
CCGGCGGCGGTCACGAACTCCAG	0.868138051941974	0.052801827229547	0.46997891664505	0.070115216
CCGTAGGTCAGGGTGGTCACGAG	1.44482238583103	0.191770375383202	0.431744909286499	0.1279206
CCGTAGGTGGCATCGCCCTCGCC	2.09065694413524	0.0825465394905959	0.41889979839325	0.046884418
CCGTCCAGCTCGACCAGGATGGG	0.969977786253587	0.0883408502689386	0.448240798711777	0.0057439418
CCGTCCTCCTTGAAGTCGATGCC	1.43703099069476	0.395474011446038	0.650049531459808	0.2231325
CCGTCCTCGATGTTGTGGCGGAT	0.950846838087176	0.106744312231224	0.645128214359283	0.06729652
CCTCCTTGAAGTCGATGCCCTTC	1.98771681000662	0.812612928666042	0.372421723604202	0.622819
CCTCGAACTTCACCTCGGCGCGG	1.9457732684177	0.10039809571719	0.716802316904068	0.20913658
CCTCGCCCTCGCCGGACACGCTG	1.68816415840794	0.906878085443142	0.506072837114334	0.2522302
CCTCGGCGCGGGTCTTGTAGTTG	1.0077867600393	0.0506369013030217	0.397420454025269	0.109010175
CCTTCAGCTCGATGCGGTTCACC	1.39930784477743	0.367029872712887	0.664807540178299	0.22056057
CCTTCGGGCATGGCGGACTTGAA	2.31988949986046	0.0542192150859128	0.200249648094177	0.0526358
CGAACTTCACCTCGGCGCGGGTC	1.64151436486483	0.0750624469007778	0.66825213432312	0.019460687
CGAGAGTGATCCCGGCGGCGGTC	0.779299926941275	0.0524081624614308	0.499059182405472	0.008043978
CGAGGGTGGGCCAGGGCACGGGC	0.750866599710054	0.0585913142627384	0.266596508026123	0.02025864
CGATGCCCTTCAGCTCGATGCGG	1.60021308274367	0.125827639893259	0.779887878894806	0.4038086
CGATGTTGTGGCGGATCTTGAAG	2.42087643882223	0.0586039392879451	0.411977434158325	0.008644869
CGCCGGACACGCTGAACTTGTGG	1.18099357676747	0.0551940473695919	0.74328585267067	0.010447024
CGCCGTAGGTCAGGGTGGTCACG	0.864850632100441	0.0690742429854446	0.442255699634552	0.033508025
CGCGCTTCTCGTTGGGGTCTTTG	1.6766479171493	0.39950154712959	0.256078660488129	0.18933064
CGCTGAACTTGTGGCCGTTTACG	1.34603740470893	0.0807281076074334	0.648638713359833	0.06992287
CGCTTCTCGTTGGGGTCTTTGCT	1.19574756860959	0.0679536487376285	0.278309273719788	0.014634671
CGGACACGCTGAACTTGTGGCCG	0.944452435253031	0.0710896128261008	0.8697394490242	0.010263947
CGGACTTGAAGAAGTCGTGCTGC	1.26575715745854	0.498530513278189	0.715821123123169	0.64237726
CGGATCTTGAAGTTCACCTTGAT	1.98535930491191	0.0558973583269098	0.226655209064484	0.1328372
CGGCGCGGGTCTTGTAGTTGCCG	0.927889004414847	0.0761398077710185	0.747555673122406	0.3487788
CGGCTGAAGCACTGCACGCCGTA	1.48779862396818	0.054632159966663	0.614723628759384	0.1520128
CGGGCAGCTTGCCGGTGGTGCAG	0.925639747557422	0.0436446516256487	0.705477666854858	0.033408258
CGGGCATGGCGGACTTGAAGAAG	1.05584348989091	0.0511714241175988	0.390585249662399	0.0051809293
CGGGGTAGCGGCTGAAGCACTGC	1.54216812396441	0.0618901078585229	0.582914930582046	0.14415681
CGGGTCTTGTAGTTGCCGTCGTC	1.38194167912717	0.236564615615151	0.758026075363159	0.5424619
CGGTGGTGCAGATGAACTTCAGG	1.94730628114535	0.0643583468421385	0.620358282327652	0.13088389
CGGTTCACCAGGGTGTCGCCCTC	1.86585345478669	0.214536027669577	0.467393255233765	0.1320237
CGTAGGTCAGGGTGGTCACGAGG	1.47892403580658	0.139367767315006	0.537210547924042	0.19168442
CGTAGGTGGCATCGCCCTCGCCC	1.75082541131544	0.0641022190687817	0.449871283769608	0.015838217
CGTCCTCGATGTTGTGGCGGATC	1.29472249117	0.104761074095008	0.765748798847198	0.0830423
CGTCCTTGAAGAAGATGGTGCGC	1.383493023925	0.0906341205635759	0.834117293357849	0.12642844
CGTGCTGCTTCATGTGGTCGGGG	1.51593272220803	0.0565771768354024	0.756186437606811	0.02749606
CGTTCTTCTGCTTGTCGGCCATG	1.78171086406906	0.861291506874738	0.665739113092423	0.75412375
CGTTGTGGCTGTTGTAGTTGTAC	1.28399859866078	0.0880714749274422	0.745103931427002	0.053500883
CTCAGGGCGGACTGGGTGCTCAG	0.92405238202038	0.607394086473567	0.327307379245758	0.3262741
CTCCAGCTTGTGCCCCAGGATGT	2.1316762252327	0.167770032634744	0.372100573778152	0.09846966
CTCGAACTTCACCTCGGCGCGGG	1.28603269621439	0.114619228930213	0.733152306079864	0.17770043
CTCGATGCGGTTCACCAGGGTGT	0.962509026447125	0.888185879805983	0.397202897071838	0.03665533
CTCGCCCTCGCCGGACACGCTGA	2.09336620489195	0.786031325814891	0.514683657884598	0.24175799
CTCGCCGGACACGCTGAACTTGT	1.68497932240971	0.0891734369912046	0.37700702548027	0.08737369
CTCGGCGCGGGTCTTGTAGTTGC	1.31397608747583	0.238191382372596	0.570926243066788	0.74111533
CTCGTTGGGGTCTTTGCTCAGGG	1.59894423416918	0.0703954236635896	0.427234941720963	0.09326844
CTGAACTTGTGGCCGTTTACGTC	2.40967833938011	0.0958230914317605	0.52587616443634	0.1901954
CTGAAGCACTGCACGCCGTAGGT	2.20095746746163	0.518701420732665	0.532601314783096	0.08254129
CTGCACGCCGTAGGTCAGGGTGG	1.84389770927769	0.145770908872136	0.480168473720551	0.044850893
CTGCCGTCCTCGATGTTGTGGCG	0.943589025652306	0.0764767002186846	0.889870762825012	0.0056467233
CTGCTGGTAGTGGTCGGCGAGCT	1.30983174123881	0.0681670799082654	0.583399105072022	0.022267424
CTGGACGTAGCCTTCGGGCATGG	1.88545684778883	0.705892279031821	0.498358958959579	0.34609064
CTGGTAGTGGTCGGCGAGCTGCA	0.949430092588337	0.129227695290015	0.56182022690773	0.07662388
CTGTTGTAGTTGTACTCCAGCTT	1.77811208831059	0.0859885873584341	0.383567517995834	0.3030033
CTTCAGCTCGATGCGGTTCACCA	2.29091393914144	0.707045832834797	0.73297775387764	0.6045547
CTTCAGGGTCAGCTTGCCGTAGG	1.36018817087096	0.175704081238442	0.4311583340168	0.10165683
CTTCATGTGGTCGGGGTAGCGGC	0.878616782031808	0.207883342708452	0.406332051753998	0.2094702
CTTCGGGCATGGCGGACTTGAAG	1.10950177011617	0.053616177298621	0.37411715388298	0.0047729276
CTTCTGCTTGTCGGCCATGATAT	0.920679263069265	0.08307924693874	0.212179177999496	0.014093988
CTTGAAGTCGATGCCCTTCAGCT	1.16743143038415	0.136902953234818	0.457137799263	0.18266632
CTTGAAGTTCACCTTGATGCCGT	1.63597754917044	0.993978986632592	0.675691139698029	0.90506816
CTTGATGCCGTTCTTCTGCTTGT	2.01375676179055	0.789665198231915	0.363154476881027	0.63493264
CTTGTAGTTGCCGTCGTCCTTGA	1.3862504093476	0.864810098304012	0.339973777532578	0.30294925
CTTGTGCCCCAGGATGTTGCCGT	1.27729901854045	0.157940762562603	0.650916457176208	0.17553377
CTTGTGGCCGTTTACGTCGCCGT	1.57588973099746	0.37076551215554	0.611750668287277	0.23030226
CTTTGCTCAGGGCGGACTGGGTG	1.4499495225635	0.0774076108016554	0.497955268621445	0.0045593935
GAACTTCACCTCGGCGCGGGTCT	1.30533216677385	0.0764425059241718	0.495594155788422	0.030671682
GAAGAAGATGGTGCGCTCCTGGA	2.34780399003886	0.488505335188561	0.606188815832138	0.52438146
GAAGAAGTCGTGCTGCTTCATGT	1.7859936497158	0.47318955959334	0.420724987983704	0.6621657
GAAGATGGTGCGCTCCTGGACGT	1.55757146494856	0.55059346964096	0.441646206378937	0.16834216
GAAGTCGATGCCCTTCAGCTCGA	1.96483362913599	0.432678558153954	0.544966238737106	0.67242706
GAAGTCGTGCTGCTTCATGTGGT	1.79664234276595	0.204570303704488	0.615251570940018	0.16318332
GACACGCTGAACTTGTGGCCGTT	1.29128467748392	0.333470708310307	0.374641788005829	0.16807163
GACCAGGATGGGCACCACCCCGG	1.07831525838004	0.0685798608351549	0.333861964941025	0.01827558
GACGTTGTGGCTGTTGTAGTTGT	0.992129860681835	0.162032912995936	0.580698782205582	0.49778837
GACTTGAAGAAGTCGTGCTGCTT	0.981288791011806	0.0824852199589732	0.441434633731842	0.109010704
GAGAGTGATCCCGGCGGCGGTCA	0.777976680557515	0.0662561838081877	0.380673444271088	0.016775332
GAGCTGCACGCTGCCGTCCTCGA	1.4177889275989	0.551045612688501	0.575456464290619	0.46038717
GAGGGTGGGCCAGGGCACGGGCA	0.835247896624964	0.050476903663667	0.320619750022888	0.02431974
GAGTGATCCCGGCGGCGGTCACG	0.793546628997023	0.0662097989099411	0.417692220211029	0.03244229
GATATAGACGTTGTGGCTGTTGT	1.87119170747761	0.815746867680964	0.61427184343338	0.87126356
GATCGCGCTTCTCGTTGGGGTCT	1.47564417428663	0.058577674470475	0.587907159328461	0.074775964
GATCTTGAAGTTCACCTTGATGC	0.950639175845598	0.0614805297265982	0.518376976251602	0.13373701
GATGAACTTCAGGGTCAGCTTGC	2.1262033326445	0.249296996003066	0.41886333823204	0.7309938
GATGCCCTTCAGCTCGATGCGGT	1.73477857558004	0.593360380028224	0.716657745838165	0.4618665
GATGCCGTTCTTCTGCTTGTCGG	1.48351997473332	0.527762611859772	0.836339616775513	0.74781305
GATGCGGTTCACCAGGGTGTCGC	1.45240285228045	0.221955560548435	0.551817387342453	0.19317308
GATGGGCACCACCCCGGTGAACA	0.953389199545552	0.0536310097935485	0.43643946647644	0.020688497
GATGTTGCCGTCCTCCTTGAAGT	1.0138117692691	0.0602886289115997	0.298110371828079	0.0452634
GCACCACCCCGGTGAACAGCTCC	1.98023955314842	0.159941541886859	0.544363433122635	0.06884743
GCACGCTGCCGTCCTCGATGTTG	1.31555294935201	0.287633905176182	0.406403881311417	0.023101147
GCACGGGCAGCTTGCCGGTGGTG	0.944066420820687	0.061816647530993	0.559990096092224	0.05163777
GCACTGCACGCCGTAGGTCAGGG	1.43966348208276	0.0672106604272853	0.637461739778519	0.16208899
GCAGATGAACTTCAGGGTCAGCT	1.92155512895896	0.588672850311303	0.528016060590744	0.78526986
GCAGCTTGCCGGTGGTGCAGATG	1.70774709579894	0.118448009965689	0.345540803670883	0.34816718
GCAGGACCATGTGATCGCGCTTC	1.17720001007002	0.880987099385358	0.689668697118759	0.6551343
GCATCGCCCTCGCCCTCGCCGGA	1.28480817157531	0.0605391269619934	0.569214135408401	0.015620677
GCCATGATATAGACGTTGTGGCT	1.01202476116774	0.150116117803135	0.615314865112305	0.06849043
GCCCCAGGATGTTGCCGTCCTCC	1.40132304476055	0.109867387856444	0.456746816635132	0.4560381
GCCCTCGAACTTCACCTCGGCGC	1.29843392921802	0.0699588439569409	0.771306812763214	0.15755855
GCCCTCGCCGGACACGCTGAACT	1.90696330797919	0.0800384359283867	0.280445432662964	0.16912529
GCCCTTCAGCTCGATGCGGTTCA	1.53710840810808	0.131367376951405	0.666122162342072	0.16975197
GCCGAGAGTGATCCCGGCGGCGG	0.94701778299404	0.0742469338800915	0.542877852916718	0.020740112
GCCGGTGGTGCAGATGAACTTCA	1.83509955610447	0.0802569316166486	0.192714667320251	0.20799069
GCCGTAGGTGGCATCGCCCTCGC	2.16404473495689	0.0985940770589695	0.327172708511353	0.05571191
GCCGTTCTTCTGCTTGTCGGCCA	1.37241759842151	0.190541945326676	0.87569944858551	0.6472643
GCCGTTTACGTCGCCGTCCAGCT	1.64919248925762	0.405603007227501	0.687075877189636	0.1327454
GCCTTCGGGCATGGCGGACTTGA	0.88410352236711	0.119732420460515	0.208666050434113	0.22504906
GCGAGCTGCACGCTGCCGTCCTC	1.7007793731468	0.865099684301146	0.630112451314926	0.5035333
GCGCGGGTCTTGTAGTTGCCGTC	1.45862229993804	0.0758951988635177	0.540087652206421	0.7347726
GCGCTCCTGGACGTAGCCTTCGG	1.83695663046447	0.439820626687252	0.499889302253723	0.4528133
GCGCTTCTCGTTGGGGTCTTTGC	1.84175802353057	0.363516056727706	0.35179648399353	0.49289933
GCGGACTTGAAGAAGTCGTGCTG	1.32264454830528	0.87524714290994	0.66041014790535	0.7839253
GCGGCGGTCACGAACTCCAGCAG	1.76105581527071	0.0507164694500136	0.638353282213211	0.17870855
GCGGCTGAAGCACTGCACGCCGT	1.5833667013834	0.507358813327385	0.737574112415314	0.85651946
GCGGGTCTTGTAGTTGCCGTCGT	1.61590555382061	0.56918124332726	0.725582802295685	0.93088186
GCGGTCACGAACTCCAGCAGGAC	1.51674275559945	0.0652595733789655	0.900595760345459	0.12323268
GCTCAGGTAGTGGTTGTCGGGCA	1.68225254384819	0.0975964166337295	0.840060496330261	0.11880511
GCTCGACCAGGATGGGCACCACC	0.973550356176541	0.441911696647066	0.492114824056625	0.06956034
GCTCGATGCGGTTCACCAGGGTG	1.30780150832334	0.120859319215894	0.556719505786896	0.034944903
GCTCGTCCATGCCGAGAGTGATC	0.781351897896352	0.0815219888962884	0.531419545412064	0.004786001
GCTGCACGCTGCCGTCCTCGATG	2.21160411378612	0.387539139037741	0.448187297582626	0.07429531
GCTGCCGTCCTCGATGTTGTGGC	1.09495433215956	0.128273418410662	0.87037547826767	0.20092592
GCTGCTTCATGTGGTCGGGGTAG	1.16033992816273	0.134860055585011	0.667350208759308	0.020224433
GCTGGTAGTGGTCGGCGAGCTGC	1.14686979960284	0.614627438480349	0.450758248567581	0.26759446
GCTTCATGTGGTCGGGGTAGCGG	1.78588580152571	0.249693045562087	0.488085585832596	0.115725145
GCTTCTCGTTGGGGTCTTTGCTC	0.824000686637126	0.0568003368720796	0.358942818641663	0.0083053205
GCTTGCCGTAGGTGGCATCGCCC	0.9741153122102	0.0740322983244082	0.603255957365036	0.17231761
GCTTGTCGGCCATGATATAGACG	1.10477851338917	0.075667639586573	0.754498195648193	0.2036933
GGACACGCTGAACTTGTGGCCGT	1.23399284276038	0.892351913525427	0.714729881286621	0.13515681
GGACTGGGTGCTCAGGTAGTGGT	1.27850452391222	0.11608591057699	0.303679722547531	0.1099071
GGATGTTGCCGTCCTCCTTGAAG	0.961756770880916	0.0576638597931837	0.404145294427872	0.0067800763
GGCACCACCCCGGTGAACAGCTC	2.10541429197	0.496817100730495	0.548510909080505	0.09892115
GGCACGGGCAGCTTGCCGGTGGT	1.43229278811466	0.12682055619004	0.374215149879456	0.15764542
GGCATCGCCCTCGCCCTCGCCGG	1.93264572968609	0.0649356370066272	0.552724027633667	0.040406812
GGCATGGCGGACTTGAAGAAGTC	0.95125866626882	0.0710768228539902	0.241503638029099	0.09282244
GGCCAGGGCACGGGCAGCTTGCC	0.867471653138688	0.0489488679838028	0.439035964012146	0.03027304
GGCCATGATATAGACGTTGTGGC	0.54083647657158	0.244109182484401	0.657937061786652	0.06672199
GGCCGTTTACGTCGCCGTCCAGC	1.33970157693279	0.567287974896037	0.708556568622589	0.113596424
GGCGAGCTGCACGCTGCCGTCCT	0.816149237158951	0.126061301973243	0.772796952724457	0.42173904
GGCGCGGGTCTTGTAGTTGCCGT	0.829255859656483	0.11114819349221	0.474547189474106	0.78502345
GGCGGACTGGGTGCTCAGGTAGT	1.57704157623362	0.0858812218810653	0.496990472078323	0.64824
GGCGGATCTTGAAGTTCACCTTG	1.12307383831215	0.16887621299009	0.249102538824081	0.22104177
GGCTGAAGCACTGCACGCCGTAG	1.04087092220645	0.206503632115224	0.666900169849396	0.38252512
GGGCACGGGCAGCTTGCCGGTGG	1.13137387598595	0.0842587430860766	0.376642489433289	0.014129307
GGGCAGCTTGCCGGTGGTGCAGA	0.995388440498317	0.0681314954506473	0.676452678442001	0.22837867
GGGCATGGCGGACTTGAAGAAGT	1.50373019049265	0.0710151867343486	0.259173667430878	0.07815082
GGGCCAGGGCACGGGCAGCTTGC	0.815692195958759	0.0487393759013579	0.331077373027801	0.06212525
GGGCGGACTGGGTGCTCAGGTAG	1.39216246704337	0.0553903811703748	0.447968697547913	0.103149176
GGGGTCTTTGCTCAGGGCGGACT	0.818465704565587	0.0587848489296671	0.412036299705505	0.016326347
GGGTAGCGGCTGAAGCACTGCAC	0.892498638230137	0.0623411771541313	0.581573569774628	0.12284306
GGGTCAGCTTGCCGTAGGTGGCA	0.791427448934919	0.0449825885201529	0.804487919807434	0.033306804
GGGTCTTGTAGTTGCCGTCGTCC	1.42687237414153	0.107537216717476	0.790771484375	0.4302503
GGGTCTTTGCTCAGGGCGGACTG	0.965773459456718	0.140016857896161	0.332389539480209	0.060436845
GGGTGGGCCAGGGCACGGGCAGC	1.10561483544544	0.0473602918044163	0.514595913887024	0.017945517
GGGTGTTCTGCTGGTAGTGGTCG	1.01241110863051	0.0803621868641157	0.859239518642426	0.094543464
GGTAGTGGTCGGCGAGCTGCACG	1.19423454477958	0.435948151462426	0.414921015501022	0.03158095
GGTAGTGGTTGTCGGGCAGCAGC	1.40403287175181	0.689569157842125	0.337502670288086	0.4619647
GGTCACGAACTCCAGCAGGACCA	1.52335237224516	0.945497182205196	0.762529176473618	0.5398842
GGTCAGCTTGCCGTAGGTGGCAT	0.819701265816861	0.109679845845566	0.783355176448822	0.19207004
GGTCAGGGTGGTCACGAGGGTGG	1.07426435620701	0.0912498214669857	0.232258331775665	0.019400802
GGTCGGCGAGCTGCACGCTGCCG	0.820370113029916	0.128386914226017	0.797986221313477	0.08709578
GGTCGGGGTAGCGGCTGAAGCAC	0.946568903754992	0.0635779813788619	0.497513753175735	0.015687553
GGTCTTGTAGTTGCCGTCGTCCT	1.92046510457214	0.309477428221206	0.770105016231537	0.8084618
GGTGCAGATGAACTTCAGGGTCA	1.29596528481054	0.0672211422688375	0.585551768541336	0.51393837
GGTGGGCCAGGGCACGGGCAGCT	0.749372529991223	0.0590765793880558	0.470703935623169	0.016455153
GGTGGTCACGAGGGTGGGCCAGG	0.827471071090738	0.0712304428553651	0.432698398828506	0.049576443
GGTGGTGCAGATGAACTTCAGGG	1.10545078932209	0.0619617398128854	0.688576620817184	0.057463627
GGTGTTCTGCTGGTAGTGGTCGG	1.8484175586528	0.295087734845942	0.787324202060699	0.41443264
GGTTCACCAGGGTGTCGCCCTCG	1.19605474859435	0.448372502209573	0.490685397386551	0.39104128
GGTTGTCGGGCAGCAGCACGGGG	0.500091817538307	0.0723081283377861	0.51194816827774	0.03351556
GTACAGCTCGTCCATGCCGAGAG	0.904444420343999	0.42099272380084	0.64267013669014	0.1484598
GTACTCCAGCTTGTGCCCCAGGA	2.06478532131254	0.466559616287237	0.623334467411041	0.50094193
GTAGCCTTCGGGCATGGCGGACT	1.17898136696513	0.094654065296183	0.417290312051773	0.23564965
GTAGCGGCTGAAGCACTGCACGC	1.53169446474614	0.412277304924127	0.698451411724091	0.8764812
GTAGGTGGCATCGCCCTCGCCCT	1.42361768350285	0.0670817134682553	0.395657706260681	0.0391584
GTAGTGGTCGGCGAGCTGCACGC	1.87552551313019	0.242686715216494	0.476976835727692	0.32710162
GTAGTTGCCGTCGTCCTTGAAGA	0.950893539607965	0.100851621114067	0.411964774131775	0.009567353
GTAGTTGTACTCCAGCTTGTGCC	1.67984742724677	0.0929158691751878	0.809092020988464	0.2070209
GTCACGAACTCCAGCAGGACCAT	1.70806158268899	0.767581398447282	0.474241226911545	0.62489855
GTCAGGGTGGTCACGAGGGTGGG	0.971231198827356	0.0707305150332472	0.208252394199371	0.064114645
GTCCAGCTCGACCAGGATGGGCA	1.00650749014208	0.0589791427920218	0.751732695102692	0.015826551
GTCCATGCCGAGAGTGATCCCGG	1.36158681591303	0.321974178921218	0.527574723958969	0.056388296
GTCCTCGATGTTGTGGCGGATCT	1.55184152697865	0.324420011442349	0.446763217449188	0.6537498
GTCGCCCTCGAACTTCACCTCGG	1.57084666676054	0.323669320765224	0.539146608114243	0.24088636
GTCGCCGTCCAGCTCGACCAGGA	1.43339628692414	0.816763318359113	0.718366813659668	0.08175447
GTCGGCCATGATATAGACGTTGT	1.55604528805415	0.390041410267231	0.544964534044266	0.77266026
GTCGGGCAGCAGCACGGGGCCGT	0.992033074361237	0.0612025705399996	0.435362368822098	0.047042727
GTCGTGCTGCTTCATGTGGTCGG	1.36193768299772	0.214878948275364	0.804213452339172	0.22945854
GTCTTGTAGTTGCCGTCGTCCTT	1.41749310514339	0.336399681208706	0.405003029108047	0.46827534
GTCTTTGCTCAGGGCGGACTGGG	0.961065436851653	0.145979135824421	0.30839569568634	0.043939896
GTGATCCCGGCGGCGGTCACGAA	0.898406289016519	0.257459968532709	0.300254940986633	0.069038555
GTGATCGCGCTTCTCGTTGGGGT	1.31783432921746	0.0809750435049843	0.631462419033051	0.032974306
GTGCAGATGAACTTCAGGGTCAG	1.76896029290894	0.387698283960743	0.731252861022949	0.79300225
GTGCCCCAGGATGTTGCCGTCCT	1.50749962627166	0.275984028732626	0.677291786670685	0.5585797
GTGCGCTCCTGGACGTAGCCTTC	1.53397206653938	0.615292339873596	0.315937113761902	0.70360166
GTGCTGCTTCATGTGGTCGGGGT	1.06153415181561	0.0543462637801118	0.772145009040832	0.0065281377
GTGGCATCGCCCTCGCCCTCGCC	1.24390304589699	0.0653954451235483	0.670636039972305	0.032198157
GTGGCCGTTTACGTCGCCGTCCA	2.23304084850022	0.417363020882653	0.652921825647354	0.40245682
GTGGCGGATCTTGAAGTTCACCT	1.06376907650131	0.18679486355173	0.444690358638763	0.78927803
GTGGGCCAGGGCACGGGCAGCTT	1.19148737229726	0.0769485010832546	0.301144683361053	0.124152094
GTGGTCACGAGGGTGGGCCAGGG	0.677435165173506	0.0605599500375676	0.337875771522522	0.024641614
GTGGTCGGCGAGCTGCACGCTGC	1.34754444773837	0.48743153771574	0.508796864748001	0.25981992
GTGGTCGGGGTAGCGGCTGAAGC	0.862182682191016	0.0759149723269003	0.405709004402161	0.04281556
GTGTCGCCCTCGAACTTCACCTC	1.4238187394236	0.0553269225035117	0.396258676052094	0.04160734
GTGTTCTGCTGGTAGTGGTCGGC	1.44028497693498	0.177121006771253	0.707362830638885	0.25861597
GTTCACCAGGGTGTCGCCCTCGA	1.23731778185361	0.890308050432476	0.386440998315811	0.4024192
GTTCTGCTGGTAGTGGTCGGCGA	0.771522917429901	0.112907514342064	0.695287603139877	0.20043835
GTTCTTCTGCTTGTCGGCCATGA	1.97820959745471	0.896490899013804	0.318508070707321	0.6831006
GTTGCCGTCGTCCTTGAAGAAGA	1.88605716012314	0.153333294977842	0.320954704284668	0.12868239
GTTGGGGTCTTTGCTCAGGGCGG	1.34707551651792	0.0758735707351623	0.628883874416351	0.13761376
GTTGTACTCCAGCTTGTGCCCCA	1.87070224381733	0.570466317181356	0.671858495473862	0.72095203
GTTGTAGTTGTACTCCAGCTTGT	1.65358207701238	0.532548789315764	0.342217582464218	0.8030251
GTTGTCGGGCAGCAGCACGGGGC	0.893161353047696	0.0605850778138962	0.532855540513992	0.023083815
GTTGTGGCTGTTGTAGTTGTACT	0.957894927758092	0.0690965251268707	0.694989013671875	0.32017848
GTTTACGTCGCCGTCCAGCTCGA	1.90673822654274	0.667621823377482	0.665211623907089	0.0651575
TACAGCTCGTCCATGCCGAGAGT	1.24559257500229	0.760620666147886	0.478856128454208	0.022763094
TAGCGGCTGAAGCACTGCACGCC	1.28349591998887	0.08206348281571	0.798356449604034	0.46114343
TAGGTCAGGGTGGTCACGAGGGT	0.78621427386721	0.0802831910597543	0.389077985286713	0.009805039
TAGTGGTCGGCGAGCTGCACGCT	1.05305498151636	0.0620595170852729	0.49583688378334	0.092783846
TAGTTGCCGTCGTCCTTGAAGAA	1.07113578964246	0.0491466854582858	0.258353227376938	0.00096418144
TCACCTCGGCGCGGGTCTTGTAG	1.34483584402144	0.0601320840540116	0.360842543840408	0.024206907
TCACCTTGATGCCGTTCTTCTGC	1.91384829069354	0.584046200543444	0.478852128982544	0.28273246
TCACGAACTCCAGCAGGACCATG	1.93641467044007	0.915561134613872	0.425797909498215	0.4816361
TCACGAGGGTGGGCCAGGGCACG	0.778827084266666	0.0896730771141674	0.264239805936813	0.015720973
TCAGCTCGATGCGGTTCACCAGG	2.09427787057488	0.861797281337273	0.685004103183746	0.1587667
TCAGGGTCAGCTTGCCGTAGGTG	1.5748881800498	0.0818518999865218	0.6860331594944	0.20570534
TCAGGGTGGTCACGAGGGTGGGC	0.663274976936228	0.056294416509218	0.289420318603516	0.020155154
TCAGGTAGTGGTTGTCGGGCAGC	1.20140702455643	0.831041724907588	0.584773969650269	0.25065586
TCCAGCAGGACCATGTGATCGCG	2.06254110190119	0.795581526405995	0.813909184932709	0.44793633
TCCAGCTCGACCAGGATGGGCAC	1.09644293284683	0.312676355946681	0.824164605140686	0.019525446
TCCAGCTTGTGCCCCAGGATGTT	2.57135034748866	0.247786403890238	0.286346852779388	0.15820464
TCCATGCCGAGAGTGATCCCGGC	0.84932152331342	0.0723398056922185	0.572616982460022	0.02238485
TCCCGGCGGCGGTCACGAACTCC	2.39381104141114	0.0535734567787072	0.329157626628876	0.078430295
TCCTCCTTGAAGTCGATGCCCTT	2.04271251976184	0.912967521879876	0.372340732812881	0.7323531
TCCTGGACGTAGCCTTCGGGCAT	1.00102024073719	0.0649025315838094	0.617258238792419	0.02835545
TCGAACTTCACCTCGGCGCGGGT	1.30964158826067	0.146441864556363	0.754114043712616	0.07951556
TCGCCCTCGAACTTCACCTCGGC	1.64963091446559	0.146580919923542	0.858506536483765	0.105354205
TCGCCGGACACGCTGAACTTGTG	1.43939171059316	0.0569785557328208	0.632550305128098	0.042756565
TCGCGCTTCTCGTTGGGGTCTTT	1.8739550242821	0.0987686660965328	0.192536669969559	0.24726881
TCGGCCATGATATAGACGTTGTG	1.58706585636304	0.818276916145143	0.485399699211121	0.5584536
TCGGCGAGCTGCACGCTGCCGTC	1.00163744777238	0.070725475709313	0.621867406368256	0.08229278
TCGGGCAGCAGCACGGGGCCGTC	1.02218254915086	0.0485528601507643	0.402797293663025	0.043396898
TCGGGCATGGCGGACTTGAAGAA	2.08434689187888	0.0539573050005627	0.235769820213318	0.0053186896
TCGGGGTAGCGGCTGAAGCACTG	2.13888134621608	0.0794160382692423	0.555724108219147	0.33308548
TCGTCCATGCCGAGAGTGATCCC	0.767012823036921	0.08502711079366	0.659047508239746	0.029981505
TCGTCCTTGAAGAAGATGGTGCG	2.74322472126914	0.46535877423206	0.650613343715668	0.24398641
TCGTTGGGGTCTTTGCTCAGGGC	0.776637031810003	0.0514259736738298	0.516483235359192	0.01482325
TCTCGTTGGGGTCTTTGCTCAGG	0.740168004568569	0.0770440827008037	0.344748044013977	0.2208792
TCTTGAAGTTCACCTTGATGCCG	1.62432497582413	0.128856572296978	0.748019874095917	0.50005245
TCTTTGCTCAGGGCGGACTGGGT	1.18735291798201	0.088659446455545	0.401377707719803	0.0062340503
TGAACTTCAGGGTCAGCTTGCCG	2.19334572850975	0.188525234664507	0.734444129467011	0.12575442
TGAACTTGTGGCCGTTTACGTCG	1.67665402575829	0.275180260847218	0.521060472726822	0.15710956
TGAAGAAGTCGTGCTGCTTCATG	1.96748045259765	0.272600929886213	0.506233179569244	0.21855761
TGAAGCACTGCACGCCGTAGGTC	1.41851294417053	0.105735810530303	0.621120476722717	0.08030575
TGATCGCGCTTCTCGTTGGGGTC	1.86125459823459	0.0525747754359525	0.701355355978012	0.006651287
TGATGCCGTTCTTCTGCTTGTCG	1.39793528840984	0.080130341004261	0.786168467998505	0.40490374
TGCACGCCGTAGGTCAGGGTGGT	1.3549081727846	0.199189980832596	0.358280575275421	0.058621913
TGCACGCTGCCGTCCTCGATGTT	1.91754042629629	0.0598153368364216	0.347267723083496	0.006634246
TGCAGATGAACTTCAGGGTCAGC	1.90625691434716	0.833704617445433	0.799255454540253	0.78976846
TGCCCCAGGATGTTGCCGTCCTC	1.79868937050663	0.510734299608685	0.531955456733704	0.17639862
TGCCCTTCAGCTCGATGCGGTTC	1.41417651034882	0.100691299944089	0.724374026060104	0.13492778
TGCCGGTGGTGCAGATGAACTTC	1.2050594006214	0.0926297938145161	0.1633633852005	0.09253035
TGCCGTCGTCCTTGAAGAAGATG	1.63995958601608	0.0852608852885817	0.403025448322296	0.020197716
TGCCGTTCTTCTGCTTGTCGGCC	1.13435088390446	0.0706020969338889	0.846542131900787	0.21801445
TGCGCTCCTGGACGTAGCCTTCG	2.29586791065253	0.827812497165142	0.387721621990204	0.5752453
TGCTCAGGGCGGACTGGGTGCTC	0.752262625656141	0.0497134762199984	0.276713860034943	0.009216521
TGCTGCTTCATGTGGTCGGGGTA	1.11771351652279	0.0646439345977173	0.716048836708069	0.0027658527
TGCTTCATGTGGTCGGGGTAGCG	1.8540635757424	0.0966341363530339	0.540114408731461	0.022443304
TGGCGGACTTGAAGAAGTCGTGC	1.0098529355936	0.0711089921598252	0.541246712207794	0.30043247
TGGCGGATCTTGAAGTTCACCTT	1.41819890306432	0.0621494408164049	0.215403938293457	0.5381669
TGGCTGTTGTAGTTGTACTCCAG	1.54810982473155	0.5383541175645	0.780759000778198	0.7942994
TGGGCACCACCCCGGTGAACAGC	0.945775098848175	0.155345689631124	0.832364904880524	0.087312095
TGGGCCAGGGCACGGGCAGCTTG	1.77709674493274	0.0685974278738165	0.307664048671722	0.10599539
TGGGTGCTCAGGTAGTGGTTGTC	1.29905090161811	0.0723669678938128	0.666484773159027	0.1883398
TGGTAGTGGTCGGCGAGCTGCAC	1.04691009352936	0.0968069884069047	0.577106958627701	0.05259039
TGGTCACGAGGGTGGGCCAGGGC	0.839544124083762	0.0557840205403031	0.539255052804947	0.0032147923
TGGTCGGCGAGCTGCACGCTGCC	0.734578931357031	0.0476663431575326	0.591969960927963	0.027066447
TGGTGCAGATGAACTTCAGGGTC	0.804636923504065	0.0573012784551276	0.585390877723694	0.009627412
TGGTTGTCGGGCAGCAGCACGGG	1.13405156075685	0.0549068772648144	0.561573731899262	0.06877272
TGTACAGCTCGTCCATGCCGAGA	1.06221916239238	0.355436613403468	0.488785368204117	0.16335236
TGTACTCCAGCTTGTGCCCCAGG	2.01048920152431	0.665146776502965	0.716886055469513	0.5715587
TGTAGTTGCCGTCGTCCTTGAAG	1.05791829246018	0.164234338545685	0.54642459154129	0.0042983447
TGTCGGCCATGATATAGACGTTG	1.23593551365383	0.187415821921225	0.552017766237259	0.59258103
TGTCGGGCAGCAGCACGGGGCCG	1.18293920865961	0.0657550078567862	0.62866952419281	0.02823631
TGTGATCGCGCTTCTCGTTGGGG	1.04982290328838	0.0874312653219356	0.836636579036713	0.17929263
TGTGCCCCAGGATGTTGCCGTCC	1.41556613775311	0.188858298185852	0.800027072429657	0.4316355
TGTGGCTGTTGTAGTTGTACTCC	1.19607096791515	0.0955068446510418	0.640724116563797	0.7404933
TGTTCTGCTGGTAGTGGTCGGCG	0.847278663185	0.15353270071709	0.703280740976334	0.08023635
TGTTGCCGTCCTCCTTGAAGTCG	2.19157507839574	0.117538847583134	0.769686192274094	0.2019065
TGTTGTAGTTGTACTCCAGCTTG	1.9303551097544	0.193615690276877	0.39847537279129	0.38165686
TTACGTCGCCGTCCAGCTCGACC	1.42931354016436	0.256140672757597	0.651942825317383	0.012868279
TTCACCAGGGTGTCGCCCTCGAA	2.00943716686428	0.178625783962713	0.26982729434967	0.08166313
TTCACCTCGGCGCGGGTCTTGTA	1.79576348836179	0.313047779954842	0.303709506988525	0.1965356
TTCAGGGTCAGCTTGCCGTAGGT	1.50194642840858	0.142147532864854	0.496386355161667	0.12723684
TTCATGTGGTCGGGGTAGCGGCT	1.28007932356804	0.1106347759308	0.206500113010406	0.017153744
TTCGGGCATGGCGGACTTGAAGA	0.806749462687552	0.0592076179427087	0.403987234830856	0.004605496
TTCTCGTTGGGGTCTTTGCTCAG	0.82695861442388	0.0607898085561638	0.400016415119171	0.0795001
TTCTGCTGGTAGTGGTCGGCGAG	1.02394447663797	0.249591969331795	0.608395326137543	0.05864457
TTCTGCTTGTCGGCCATGATATA	1.09786172077035	0.0557866926854814	0.167835438251495	0.011862406
TTCTTCTGCTTGTCGGCCATGAT	1.78193955459044	0.216678471208284	0.253587448596954	0.16231093
TTGAAGAAGATGGTGCGCTCCTG	1.72746564713166	0.679760401420415	0.52428959608078	0.33119655
TTGAAGTTCACCTTGATGCCGTT	1.99370835827937	0.66200262276521	0.478207629919052	0.72918344
TTGATGCCGTTCTTCTGCTTGTC	1.10456059407605	0.069675361195652	0.61071754693985	0.24993227
TTGCCGGTGGTGCAGATGAACTT	1.36726008958082	0.0669906756374677	0.155006945133209	0.271182
TTGCCGTAGGTGGCATCGCCCTC	1.42525235440831	0.091474509028093	0.389747375249863	0.07620675
TTGGGGTCTTTGCTCAGGGCGGA	1.30296841431369	0.0673698584374101	0.458550071716309	0.03232108
TTGTACTCCAGCTTGTGCCCCAG	2.41932036573436	0.705593163213808	0.661500704288483	0.683628
TTGTAGTTGCCGTCGTCCTTGAA	1.67930523720883	0.119725008021772	0.299988210201263	0.16160722
TTGTCGGCCATGATATAGACGTT	1.88122953627369	0.0655719065625021	0.376866734027863	0.103946574
TTGTCGGGCAGCAGCACGGGGCC	0.675367753806231	0.0599343639047748	0.449297153949738	0.0013421508
TTGTGGCGGATCTTGAAGTTCAC	1.99317494382571	0.110408824138033	0.708898186683655	0.18951328
TTGTGGCTGTTGTAGTTGTACTC	1.45136934879856	0.0751977201461983	0.709687608480454	0.2594522
TTTACGTCGCCGTCCAGCTCGAC	1.1181465527699	0.100333915380114	0.673801553249359	0.00963651
